Date,Price
01/22/19,55.5
01/23/19,54.7
01/24/19,55.8
01/25/19,56.3
01/28/19,57.5
01/29/19,57.9
01/30/19,58
01/31/19,57.8
02/01/19,58.7
02/04/19,59
02/05/19,59.5
02/06/19,60.2
02/07/19,58.5
02/08/19,59
02/11/19,59.4
02/12/19,59.9
02/13/19,59.2
02/14/19,59.9
02/15/19,61.7
02/18/19,61.3
02/19/19,61.2
02/20/19,62.6
02/21/19,61.8
02/22/19,62.5
02/25/19,62.9
02/26/19,62.3
02/27/19,62
02/28/19,61.4
03/01/19,62
03/04/19,62.3
03/05/19,62.4
03/06/19,60.8
03/07/19,59.1
03/08/19,59.1
03/11/19,59.8
03/12/19,60
03/13/19,60.4
03/14/19,61.1
03/15/19,61.4
03/18/19,61.5
03/19/19,62.8
03/20/19,61.6
03/21/19,62
03/22/19,60.4
03/25/19,60.3
03/26/19,60.5
03/27/19,60.3
03/28/19,60.6
03/29/19,61.3
04/01/19,63.8
04/02/19,64.4
04/03/19,66
04/04/19,64.7
04/05/19,66.3
04/08/19,66.1
04/09/19,65.9
04/10/19,66.3
04/11/19,66.5
04/12/19,67.6
04/15/19,67.4
04/16/19,67.7
04/17/19,68.5
04/18/19,69.3
04/23/19,69.8
04/24/19,70.1
04/25/19,73.6
04/26/19,72
04/29/19,72.9
04/30/19,72.4
05/02/19,70.8
05/03/19,71.6
05/06/19,70.3
05/07/19,69.1
05/08/19,69.5
05/09/19,68
05/10/19,68.5
05/13/19,66
05/14/19,66.9
05/15/19,67.1
05/16/19,69.3
05/17/19,68.4
05/20/19,66.8
05/21/19,68.2
05/22/19,67.7
05/23/19,64.9
05/24/19,65.2
05/27/19,64.8
05/28/19,64.9
05/29/19,63.8
05/31/19,62.8
06/03/19,63.4
06/04/19,63.9
06/05/19,64.3
06/07/19,65.3
06/10/19,66.3
06/11/19,68.2
06/12/19,68.7
06/13/19,69.9
06/14/19,68.9
06/17/19,68.6
06/18/19,70.2
06/19/19,69.8
06/20/19,72.3
06/24/19,71.5
06/25/19,71.9
06/26/19,71.7
06/27/19,71.8
06/28/19,72.8
07/01/19,74
07/02/19,74.1
07/03/19,73.7
07/04/19,73.6
07/05/19,71.4
07/08/19,71.6
07/09/19,70.5
07/10/19,69.6
07/11/19,68.6
07/12/19,68.9
07/15/19,70
07/16/19,70
07/17/19,70.3
07/18/19,69.1
07/19/19,71
07/22/19,71.2
07/23/19,72.9
07/24/19,72.9
07/25/19,72.6
07/26/19,73.1
07/29/19,73.1
07/30/19,72.5
07/31/19,72.9
08/01/19,73.6
08/02/19,70.2
08/05/19,67.3
08/06/19,66
08/07/19,65.8
08/08/19,67.3
08/09/19,66.1
08/12/19,66.3
08/13/19,67.2
08/14/19,65.3
08/15/19,65
08/16/19,66.1
08/19/19,67.5
08/20/19,67.3
08/21/19,68.3
08/22/19,67.8
08/23/19,67
08/26/19,66.3
08/27/19,67.4
08/28/19,67.5
08/29/19,70.2
08/30/19,71.9
09/02/19,72
09/03/19,71.7
09/04/19,72.5
09/05/19,72.8
09/06/19,73.2
09/09/19,73.6
09/10/19,74.6
09/11/19,76.1
09/12/19,76.3
09/13/19,77.8
09/16/19,77.6
09/17/19,76.5
09/18/19,77.1
09/19/19,77.3
09/20/19,77.5
09/23/19,76.4
09/24/19,75.8
09/25/19,74
09/26/19,74.6
09/27/19,74.8
09/30/19,74.4
10/01/19,73.4
10/02/19,71.8
10/03/19,72.1
10/04/19,72
10/07/19,72.3
10/08/19,71.6
10/09/19,72.5
10/10/19,72.5
10/11/19,73.7
10/14/19,73.9
10/15/19,74.8
10/16/19,75
10/17/19,75.4
10/18/19,76.1
10/21/19,83.3
10/22/19,81.8
10/23/19,81.7
10/24/19,82.6
10/25/19,82
10/28/19,83.9
10/29/19,83.4
10/30/19,83.9
10/31/19,83.7
11/01/19,84.6
11/04/19,87.1
11/05/19,87
11/06/19,86.5
11/07/19,85.7
11/08/19,86.7
11/11/19,86.2
11/12/19,87
11/13/19,88
11/14/19,88.4
11/15/19,89.3
11/18/19,88.2
11/19/19,88.4
11/20/19,87.1
11/21/19,86.5
11/22/19,86.5
11/25/19,87.2
11/26/19,87.3
11/27/19,86.2
11/28/19,86.1
11/29/19,86.1
12/02/19,84.9
12/03/19,84.1
12/04/19,86.4
12/05/19,86.7
12/06/19,88.2
12/09/19,89
12/10/19,89.2
12/11/19,89.5
12/12/19,91.5
12/13/19,92.6
12/16/19,94.7
12/17/19,94.8
12/18/19,94.8
12/19/19,93.7
12/20/19,94.4
12/23/19,93.9
12/27/19,94.2
12/30/19,91.7
01/02/20,94.1
01/03/20,92.4
01/07/20,93.1
01/08/20,93
01/09/20,93.6
01/10/20,93.1
01/13/20,94
01/14/20,95.4
01/15/20,95.6
01/16/20,96.8
01/17/20,96.3
01/20/20,95.5
01/21/20,96.4
01/22/20,94.4
01/23/20,93.3
01/24/20,94.8
01/27/20,92.7
01/28/20,87.5
01/29/20,86.4
01/30/20,85.9
01/31/20,83.9
02/03/20,85.1
02/04/20,88.3
02/05/20,89.1
02/06/20,88.8
02/07/20,88.5
02/10/20,89.3
02/11/20,92
02/12/20,92.9
02/13/20,92.3
02/14/20,92.4
02/17/20,91.7
02/18/20,90.2
02/19/20,91.1
02/20/20,90.4
02/21/20,88
02/24/20,83.6
02/25/20,82.8
02/26/20,85.8
02/27/20,83.8
02/28/20,83.2
03/02/20,82.5
03/03/20,83.6
03/04/20,84
03/05/20,82.3
03/06/20,79.2
03/09/20,75.7
03/10/20,77.3
03/11/20,75.2
03/12/20,69.5
03/13/20,72.3
03/16/20,72.6
03/17/20,72.9
03/18/20,71.4
03/19/20,71.5
03/20/20,67.8
03/23/20,65.4
03/24/20,72.7
03/25/20,78.7
03/26/20,79.7
03/27/20,77.3
03/30/20,81.2
03/31/20,81.9
04/01/20,76.4
04/02/20,77.1
04/03/20,76.2
04/06/20,79.7
04/07/20,82.2
04/08/20,81.3
04/09/20,81.1
04/14/20,84.2
04/15/20,80.3
04/16/20,82.9
04/17/20,85.4
04/20/20,85.1
04/21/20,82.4
04/22/20,86
04/23/20,90.7
04/24/20,84.7
04/27/20,84.5
04/28/20,85.1
04/29/20,85.1
04/30/20,83.3
05/04/20,78.8
05/05/20,83.4
05/06/20,81
05/07/20,83
05/08/20,84.6
05/11/20,84.9
05/12/20,86.3
05/13/20,84.9
05/14/20,82.2
05/15/20,82.4
05/18/20,88
05/19/20,87.7
05/20/20,88.3
05/22/20,87.3
05/25/20,89.2
05/26/20,89.5
05/27/20,89.7
05/28/20,93.8
05/29/20,90.6
06/01/20,92
06/02/20,90.9
06/03/20,92.9
06/04/20,92.3
06/05/20,94.8
06/08/20,92.9
06/09/20,92.8
06/10/20,93.1
06/11/20,90.6
06/12/20,91.2
06/15/20,92.1
06/16/20,94.9
06/17/20,97.7
06/18/20,96.7
06/22/20,96.4
06/23/20,98.7
06/24/20,96.3
06/25/20,96.3
06/26/20,96.8
06/29/20,97.1
06/30/20,96.8
07/01/20,97
07/02/20,98.5
07/03/20,98.1
07/06/20,99.7
07/07/20,99.1
07/08/20,98.3
07/09/20,98.5
07/10/20,100.1
07/13/20,101.3
07/14/20,101.1
07/15/20,105
07/16/20,103
07/17/20,100.5
07/20/20,100.8
07/21/20,99.7
07/22/20,101.3
07/23/20,101
07/24/20,98.2
07/27/20,99.8
07/28/20,98.4
07/29/20,98.8
07/30/20,96.6
07/31/20,94.9
08/03/20,97.9
08/04/20,95.5
08/05/20,96.8
08/06/20,96.9
08/07/20,97
08/10/20,97.1
08/11/20,99.1
08/12/20,98.4
08/13/20,99.1
08/14/20,96.3
08/17/20,98
08/18/20,97
08/19/20,97.8
08/20/20,96.1
08/21/20,96.1
08/24/20,98
08/25/20,98.1
08/26/20,98.5
08/27/20,98.5
08/28/20,97.3
08/31/20,98.1
09/01/20,98.2
09/02/20,99.4
09/03/20,97.4
09/04/20,97.6
09/07/20,100.2
09/08/20,98.4
09/09/20,100.7
09/10/20,100.3
09/11/20,100.4
09/14/20,100.5
09/15/20,101.1
09/16/20,102.1
09/17/20,102.5
09/18/20,104.4
09/21/20,100.6
09/22/20,101.6
09/23/20,103.3
09/24/20,101.5
09/25/20,102.9
09/28/20,107.2
09/29/20,107.6
09/30/20,105.2
10/01/20,105.3
10/02/20,103.1
10/05/20,105.1
10/06/20,103.9
10/07/20,104
10/08/20,103.7
10/09/20,104.8
10/12/20,106.3
10/13/20,105.8
10/14/20,105
10/15/20,102.2
10/16/20,102.8
10/19/20,102.5
10/20/20,102.7
10/21/20,99.8
10/22/20,99.1
10/23/20,99.8
10/26/20,97.6
10/27/20,97.9
10/28/20,96.2
10/29/20,96.7
10/30/20,96.4
11/02/20,98.5
11/03/20,99.3
11/04/20,100.2
11/05/20,102.2
11/06/20,102.5
11/09/20,106.4
11/10/20,103.3
11/11/20,106.1
11/12/20,105.7
11/13/20,106.9
11/16/20,107
11/17/20,107.6
11/18/20,107.7
11/19/20,108.1
11/20/20,109.2
11/23/20,109
11/24/20,108.2
11/25/20,108.2
11/26/20,107.4
11/27/20,107.9
11/30/20,106.1
12/01/20,106.3
12/02/20,106.8
12/03/20,106.2
12/04/20,107.3
12/07/20,107.1
12/08/20,109.2
12/09/20,109.3
12/10/20,105.3
12/11/20,104.9
12/14/20,105
12/15/20,105.1
12/16/20,106.6
12/17/20,105.2
12/18/20,105.6
12/21/20,103.9
12/22/20,105.2
12/23/20,103.7
12/28/20,104.7
12/29/20,105.5
12/30/20,103.3
01/04/21,106.5
01/05/21,106.8
01/07/21,110.2
01/08/21,113.1
01/11/21,114.3
01/12/21,114.8
01/13/21,114.4
01/14/21,113.9
01/15/21,111.9
01/18/21,111.9
01/19/21,111
01/20/21,112.6
01/21/21,115.2
01/22/21,115.5
01/25/21,114.8
01/26/21,116.4
01/27/21,113.5
01/28/21,113.6
01/29/21,111.7
02/01/21,116.3
02/02/21,117.1
02/03/21,116.8
02/04/21,117.1
02/05/21,115.4
02/08/21,116
02/09/21,115.8
02/10/21,115.3
02/11/21,115.9
02/12/21,120.8
02/15/21,121.3
02/16/21,123.1
02/17/21,120.9
02/18/21,121.9
02/19/21,125.2
02/22/21,122.9
02/23/21,120.1
02/24/21,121.4
02/25/21,120.4
02/26/21,118.3
03/01/21,121.8
03/02/21,123
03/03/21,122.2
03/04/21,119.1
03/05/21,116.6
03/08/21,119.5
03/09/21,121.5
03/10/21,121.6
03/11/21,125.5
03/12/21,125.2
03/15/21,123.2
03/16/21,123.8
03/17/21,123.1
03/18/21,122.4
03/19/21,121.4
03/22/21,122.9
03/23/21,124.3
03/24/21,126.4
03/25/21,126.1
03/26/21,128.4
03/29/21,129
03/30/21,131
03/31/21,130.4
04/01/21,132.3
04/06/21,134.3
04/07/21,132.4
04/08/21,134.9
04/09/21,135.7
04/12/21,134.2
04/13/21,134.4
04/14/21,132.9
04/15/21,133.5
04/16/21,136.9
04/19/21,133.7
04/20/21,130.3
04/21/21,132.5
04/22/21,132.9
04/23/21,133.9
04/26/21,132.7
04/27/21,133.2
04/28/21,129.7
04/29/21,128.1
04/30/21,125.9
05/03/21,127
05/04/21,124.5
05/05/21,128.7
05/06/21,128
05/07/21,128.2
05/10/21,128.3
05/11/21,124.9
05/12/21,125.1
05/14/21,128.3
05/17/21,126.4
05/18/21,126.7
05/19/21,123.4
05/20/21,125.3
05/21/21,125.9
05/24/21,125.8
05/25/21,126.9
05/26/21,124.7
05/27/21,124.5
05/28/21,124.7
05/31/21,123.4
06/01/21,126
06/02/21,125.4
06/03/21,125.8
06/04/21,125.1
06/07/21,124.7
06/08/21,125.4
06/09/21,125.1
06/10/21,125.2
06/11/21,125.6
06/14/21,126.2
06/15/21,128.3
06/16/21,129.5
06/17/21,128.1
06/18/21,127.7
06/21/21,130
06/22/21,128.7
06/23/21,126.6
06/24/21,128.4
06/28/21,128.4
06/29/21,131
06/30/21,128.6
07/01/21,128.4
07/02/21,129.5
07/05/21,129.3
07/06/21,129
07/07/21,132.6
07/08/21,130.5
07/09/21,133.2
07/12/21,134.1
07/13/21,134.2
07/14/21,134.9
07/15/21,134.5
07/16/21,137.2
07/19/21,136.5
07/20/21,140.3
07/21/21,139.6
07/22/21,141.9
07/23/21,143.8
07/26/21,143.6
07/27/21,142.9
07/28/21,142.9
07/29/21,143
07/30/21,142.8
08/02/21,143.6
08/03/21,143.8
08/04/21,145.8
08/05/21,146.6
08/06/21,146.3
08/09/21,147.1
08/10/21,148.3
08/11/21,149.8
08/12/21,149.5
08/13/21,148
08/16/21,146.3
08/17/21,146.3
08/18/21,144.5
08/19/21,143.1
08/20/21,147
08/23/21,147.2
08/24/21,147.6
08/25/21,147.7
08/26/21,146.7
08/27/21,147.3
08/30/21,147.4
08/31/21,145.4
09/01/21,144.9
09/02/21,146
09/03/21,145.1
09/06/21,147.4
09/07/21,145.7
09/08/21,143.5
09/09/21,144.9
09/10/21,146.1
09/13/21,146.2
09/14/21,148
09/15/21,146.3
09/16/21,147
09/17/21,145.8
09/20/21,138.6
09/21/21,138.1
09/22/21,139
09/23/21,141.4
09/24/21,138.9
09/27/21,136.7
09/28/21,131
09/29/21,129.9
09/30/21,130.6
10/01/21,130.4
10/04/21,130.1
10/05/21,133.7
10/06/21,131.6
10/07/21,133.7
10/08/21,131.2
10/11/21,130.5
10/12/21,131.4
10/13/21,133.3
10/14/21,135.3
10/15/21,136.4
10/18/21,135.9
10/19/21,136.9
10/20/21,137.2
10/21/21,132.9
10/22/21,136.8
10/25/21,135.6
10/26/21,136.2
10/27/21,133.6
10/28/21,135.3
10/29/21,135.4
11/01/21,135.2
11/02/21,134.8
11/03/21,135.6
11/04/21,135.7
11/05/21,134.2
11/08/21,138.4
11/09/21,136.6
11/10/21,136.5
11/11/21,138.4
11/12/21,139.1
11/15/21,139.4
11/16/21,140.5
11/17/21,141.2
11/18/21,139.9
11/19/21,141.9
11/22/21,142.9
11/23/21,138.5
11/24/21,139.5
11/25/21,141.6
11/26/21,135.9
11/29/21,136.8
11/30/21,136.2
12/01/21,138.8
12/02/21,137.7
12/03/21,136.9
12/06/21,140.6
12/07/21,146.2
12/08/21,147.2
12/09/21,145.4
12/10/21,144.9
12/13/21,145.8
12/14/21,141.9
12/15/21,145.1
12/16/21,147.9
12/17/21,145.3
12/20/21,143.9
12/21/21,146.7
12/22/21,149.2
12/23/21,152.8
12/27/21,152.9
12/28/21,154
12/29/21,154.4
12/30/21,153.6
01/03/22,155.8
01/04/22,158.2
01/05/22,156.7
01/07/22,150.5
01/10/22,144.1
01/11/22,147
01/12/22,150.7
01/13/22,148.1
01/14/22,142.7
01/17/22,143.3
01/18/22,140.3
01/19/22,141.3
01/20/22,143.6
01/21/22,142
01/24/22,133.4
01/25/22,126.6
01/26/22,132.7
01/27/22,128.8
01/28/22,129.4
01/31/22,133.3
02/01/22,134.5
02/02/22,136.8
02/03/22,132.6
02/04/22,129.3
02/07/22,130.1
02/08/22,128.5
02/09/22,131.9
02/10/22,129.1
02/11/22,125.4
02/14/22,122.1
02/15/22,125.4
02/16/22,124.7
02/17/22,123.3
02/18/22,121.2
02/21/22,119.4
02/22/22,119.4
02/23/22,118.4
02/24/22,115.2
02/25/22,120.2
02/28/22,121.3
03/01/22,117.6
03/02/22,120.5
03/03/22,115.5
03/04/22,111.9
03/07/22,115.1
03/08/22,111.7
03/09/22,117
03/10/22,118.8
03/11/22,120.7
03/14/22,121.9
03/15/22,121.3
03/16/22,128.6
03/17/22,128.7
03/18/22,130.2
03/21/22,130.2
03/22/22,129.8
03/23/22,128.1
03/24/22,126
03/25/22,119.2
03/28/22,121
03/29/22,121.1
03/30/22,119.5
03/31/22,120.7
04/01/22,121.5
04/04/22,121.1
04/05/22,118.6
04/06/22,114.3
04/07/22,115.5
04/08/22,116.6
04/11/22,113.5
04/12/22,114.6
04/13/22,114.2
04/14/22,114
04/19/22,115.4
04/20/22,117
04/21/22,120.6
04/22/22,118.2
04/25/22,113.5
04/26/22,106.8
04/27/22,110.2
04/28/22,109.5
04/29/22,110.9
05/02/22,106.6
05/03/22,106.5
05/04/22,106.6
05/05/22,105
05/06/22,102.9
05/09/22,103.4
05/10/22,105.4
05/11/22,107.2
05/12/22,106.4
05/13/22,108.5
05/16/22,103.8
05/17/22,106.6
05/18/22,104.1
05/19/22,103.9
05/20/22,103.6
05/23/22,106.3
05/24/22,105.1
05/25/22,101.4
05/27/22,107.2
05/30/22,110.2
05/31/22,109.3
06/01/22,108
06/02/22,113
06/03/22,112
06/07/22,112.1
06/08/22,113.2
06/09/22,109.3
06/10/22,105.6
06/13/22,102.9
06/14/22,100.4
06/15/22,100.5
06/16/22,99.3
06/17/22,96.7
06/20/22,96.8
06/21/22,98.8
06/22/22,98.3
06/23/22,94.3
06/27/22,99.6
06/28/22,98.3
06/29/22,98.1
06/30/22,95.6
07/01/22,92.5
07/04/22,95.4
07/05/22,93.5
07/06/22,99
07/07/22,101
07/08/22,102.4
07/11/22,100
07/12/22,102.3
07/13/22,100.4
07/14/22,100.3
07/15/22,100.6
07/18/22,101.8
07/19/22,107.4
07/20/22,109
07/21/22,111.1
07/22/22,110.2
07/25/22,109.6
07/26/22,109.6
07/27/22,110.9
07/28/22,113.7
07/29/22,118
08/01/22,115.7
08/02/22,114.4
08/03/22,114.7
08/04/22,117
08/05/22,114.4
08/08/22,115.5
08/09/22,111.4
08/10/22,114.6
08/11/22,115.3
08/12/22,115.4
08/15/22,116.2
08/16/22,117.3
08/17/22,115.4
08/18/22,118.3
08/19/22,116.7
08/22/22,112.6
08/23/22,113
08/24/22,113.8
08/25/22,114.1
08/26/22,111.5
08/29/22,111
08/30/22,111.5
08/31/22,108.7
09/01/22,105.6
09/02/22,110.8
09/05/22,108.6
09/06/22,109.1
09/07/22,108.6
09/08/22,109.6
09/09/22,111.8
09/12/22,113.8
09/13/22,110.5
09/14/22,109.3
09/15/22,108.8
09/16/22,105.7
09/19/22,105.6
09/20/22,102.5
09/21/22,105.4
09/22/22,101.8
09/23/22,103
09/26/22,103.1
09/27/22,104.4
09/28/22,105.3
09/29/22,102.2
09/30/22,104.8
10/03/22,105
10/04/22,111.1
10/05/22,110.7
10/06/22,111.6
10/07/22,106
10/10/22,105.8
10/11/22,104.6
10/12/22,104.1
10/13/22,104.6
10/14/22,105.6
10/17/22,109.1
10/18/22,112
10/19/22,108.7
10/20/22,109.2
10/21/22,109.4
10/24/22,113.7
10/25/22,118.3
10/26/22,118.6
10/27/22,117.8
10/28/22,118.6
10/31/22,118
11/01/22,118.4
11/02/22,118.8
11/03/22,117
11/04/22,121.3
11/07/22,122
11/08/22,125.2
11/09/22,125
11/10/22,134
11/11/22,134.2
11/14/22,134
11/15/22,130.8
11/16/22,127.9
11/17/22,128.3
11/18/22,129.5
11/21/22,129
11/22/22,130.4
11/23/22,131.8
11/24/22,131.1
11/25/22,131.4
11/28/22,129.7
11/29/22,129
11/30/22,129.2
12/01/22,130.9
12/02/22,132.3
12/05/22,133.2
12/06/22,133
12/07/22,128.3
12/08/22,128.9
12/09/22,131
12/12/22,131.3
12/13/22,134.2
12/14/22,134.8
12/15/22,128.9
12/16/22,126.5
12/19/22,126.5
12/20/22,125.2
12/21/22,127.3
12/22/22,124.1
12/23/22,124
12/27/22,125.1
12/28/22,123.7
12/29/22,124.9
12/30/22,123.1
01/02/23,124.8
01/03/23,126.2
01/04/23,129.2
01/05/23,131
01/09/23,134
01/10/23,131.6
01/11/23,133.8
01/12/23,133.8
01/13/23,133.6
01/16/23,131.8
01/17/23,132.1
01/18/23,134.5
01/19/23,129.2
01/20/23,132.5
01/23/23,134.7
01/24/23,132.7
01/25/23,132.4
01/26/23,124.5
01/27/23,123.9
01/30/23,123.7
01/31/23,123.3
02/01/23,123.8
02/02/23,130
02/03/23,130.4
02/06/23,127.6
02/07/23,127.8
02/08/23,127.6
02/09/23,127.4
02/10/23,125.1
02/13/23,127.2
02/14/23,126.1
02/15/23,127.7
02/16/23,126.1
02/17/23,125.3
02/20/23,125.6
02/21/23,124.1
02/22/23,124.8
02/23/23,124.4
02/24/23,123.3
02/27/23,123.8
02/28/23,124.7
03/01/23,123.9
03/02/23,121.9
03/03/23,125.3
03/06/23,126.3
03/07/23,124.4
03/08/23,124.6
03/09/23,124.5
03/10/23,123.1
03/13/23,122
03/14/23,125.4
03/15/23,119.5
03/16/23,122.7
03/17/23,120.5
03/20/23,123.6
03/21/23,123.8
03/22/23,124.4
03/23/23,127.3
03/24/23,119.9
03/27/23,123.2
03/28/23,124.2
03/29/23,125.3
03/30/23,127.5
03/31/23,131.5
04/03/23,130.6
04/04/23,130.6
04/05/23,128.2
04/06/23,126.2
04/11/23,128.5
04/12/23,127.9
04/13/23,127.5
04/14/23,129.6
04/17/23,129.8
04/18/23,130.8
04/19/23,129.2
04/20/23,130.1
04/21/23,129.9
04/24/23,131
04/25/23,130.4
04/26/23,128.6
04/27/23,147.3
04/28/23,148.1
05/02/23,146
05/03/23,146.4
05/04/23,147.6
05/05/23,148.4
05/08/23,147.6
05/09/23,147.7
05/10/23,147.2
05/11/23,150
05/12/23,150.2
05/15/23,150.3
05/16/23,149.4
05/17/23,151.6
05/19/23,157.2
05/22/23,155.4
05/23/23,152.3
05/24/23,150.8
05/25/23,154.8
05/26/23,161
05/29/23,158.5
05/30/23,159.7
05/31/23,158.1
06/01/23,157.2
06/02/23,159.8
06/05/23,159.8
06/07/23,158.4
06/08/23,159.4
06/09/23,159.1
06/12/23,159.3
06/13/23,162.4
06/14/23,162.9
06/15/23,159.9
06/16/23,156.6
06/19/23,155.7
06/20/23,154.7
06/21/23,154.8
06/22/23,153.9
06/26/23,153.5
06/27/23,154.6
06/28/23,154.6
06/29/23,153.7
06/30/23,155.4
07/03/23,152.4
07/04/23,151.4
07/05/23,151.4
07/06/23,148.2
07/07/23,149.4
07/10/23,149.6
07/11/23,148.9
07/12/23,150.7
07/13/23,151.1
07/14/23,151.2
07/17/23,151.4
07/18/23,153.9
07/19/23,145.8
07/20/23,145.8
07/21/23,147.6
07/24/23,148.1
07/25/23,149.5
07/26/23,147.1
07/27/23,149
07/28/23,149.3
07/31/23,149.7
08/01/23,149.6
08/02/23,147.9
08/03/23,145.6
08/04/23,146.6
08/07/23,146.8
08/08/23,144.7
08/09/23,146.5
08/10/23,146.4
08/11/23,144.9
08/14/23,144.6
08/15/23,142.8
08/16/23,143.4
08/17/23,140.6
08/18/23,140.3
08/21/23,141.4
08/22/23,143.7
08/23/23,143.9
08/24/23,145.5
08/25/23,145.8
08/28/23,147.4
08/29/23,149.5
08/30/23,149.1
08/31/23,144.9
09/01/23,145.1
09/04/23,146.4
09/05/23,147.6
09/06/23,149
09/07/23,147.1
09/08/23,146.8
09/11/23,149.5
09/12/23,149.4
09/13/23,147.2
09/14/23,149.4
09/15/23,148.8
09/18/23,148.7
09/19/23,147.2
09/20/23,147.3
09/21/23,145.2
09/22/23,144.1
09/25/23,145.5
09/26/23,142.6
09/27/23,142.8
09/28/23,144.6
09/29/23,147.3
10/02/23,147.3
10/03/23,145.9
10/04/23,144.6
10/05/23,146.7
10/06/23,147.8
10/09/23,144.8
10/10/23,150.6
10/11/23,150.6
10/12/23,153.6
10/13/23,151.8
10/16/23,150.4
10/17/23,149.3
10/18/23,145.3
10/19/23,142.8
10/20/23,139.2
10/23/23,138.8
10/24/23,139.1
10/25/23,143.3
10/26/23,142.9
10/27/23,144.3
10/30/23,142.9
10/31/23,144.2
11/01/23,144.5
11/02/23,147.9
11/03/23,149.2
11/06/23,149
11/07/23,149.4
11/08/23,149.3
11/09/23,153.8
11/10/23,152
11/13/23,152.1
11/14/23,155.4
11/15/23,158.6
11/16/23,157.8
11/17/23,159.1
11/20/23,160.9
11/21/23,160.3
11/22/23,161.6
11/23/23,160.9
11/24/23,159.9
11/27/23,160.4
11/28/23,160.3
11/29/23,161.8
11/30/23,161.9
12/01/23,162.9
12/04/23,161.4
12/05/23,162.1
12/06/23,165.4
12/07/23,163.4
12/08/23,165.1
12/11/23,167.4
12/12/23,167.4
12/13/23,166.1
12/14/23,167.9
12/15/23,172
12/18/23,169.4
12/19/23,171.4
12/20/23,171.9
12/21/23,171.1
12/22/23,171.4
12/27/23,172.4
12/28/23,172.5
12/29/23,173.6
01/02/24,171
01/03/24,168.3
01/04/24,166.2
01/05/24,161.6
01/08/24,163.8
01/09/24,163.1
01/10/24,163.8
01/11/24,163.9
01/12/24,166.5
01/15/24,165.1
01/16/24,166.8
01/17/24,163.9
01/18/24,164.4
01/19/24,164.4
01/22/24,168.8
01/23/24,168.6
01/24/24,170.9
01/25/24,163.9
01/26/24,163.9
01/29/24,165.8
01/30/24,165.6
01/31/24,166.9
02/01/24,169.1
02/02/24,169.3
02/05/24,167
02/06/24,169.4
02/07/24,168.7
02/08/24,171.1
02/09/24,171.3
02/12/24,171.3
02/13/24,168.6
02/14/24,168.6
02/15/24,170.1
02/16/24,176.8
02/19/24,176.8
02/20/24,174.6
02/21/24,175.6
02/22/24,179.6
02/23/24,178.4
02/26/24,180.6
02/27/24,179.1
02/28/24,180
02/29/24,179.8
03/01/24,180.1
03/04/24,180
03/05/24,178.9
03/06/24,179.4
03/07/24,181.1
03/08/24,182.6
03/11/24,179.1
03/12/24,182.6
03/13/24,182.6
03/14/24,182.9
03/15/24,184.2
03/18/24,182
03/19/24,181.8
03/20/24,181.7
03/21/24,186.3
03/22/24,187
03/25/24,186
03/26/24,185.7
03/27/24,182.1
03/28/24,180.8
04/02/24,180.1
04/03/24,181.1
04/04/24,182.3
04/05/24,181.3
04/08/24,183.1
04/09/24,182.1
04/10/24,183.4
04/11/24,181.5
04/12/24,182.8
04/15/24,186.1
04/16/24,183.9
04/17/24,183.3
04/18/24,182.6
04/19/24,179.4
04/22/24,176.1
04/23/24,177.9
04/24/24,192.9
04/25/24,189.3
04/26/24,193.9
04/29/24,195.3
04/30/24,195.4
05/02/24,193.1
05/03/24,196.1
05/06/24,197
05/07/24,199.3
05/08/24,199.8
05/10/24,202.5
05/13/24,199.8
05/14/24,199.4
05/15/24,201.3
05/16/24,197.9
05/17/24,197.8
05/20/24,200.1
05/21/24,199.5
05/22/24,203.3
05/23/24,205.5
05/24/24,204
05/27/24,203.1
05/28/24,201.6
05/29/24,199.1
05/30/24,198.7
05/31/24,200.8
06/03/24,201.9
06/04/24,200.1
06/05/24,201.8
06/07/24,204.4
06/10/24,203.7
06/11/24,202.3
06/12/24,205.8
06/13/24,202.6
06/14/24,200.2
06/17/24,200.4
06/18/24,201.7
06/19/24,198.8
06/20/24,198.4
06/24/24,202.3
06/25/24,197.1
06/26/24,199.6
06/27/24,198.6
06/28/24,199.2
07/01/24,198.8
07/02/24,197.6
07/03/24,197.8
07/04/24,195.8
07/05/24,193.9
07/08/24,196.1
07/09/24,193.4
07/10/24,192.8
07/11/24,194.4
07/12/24,201
07/15/24,201.2
07/16/24,200.6
07/17/24,194.5
07/18/24,184.3
07/19/24,182.9
07/22/24,184.4
07/23/24,186.6
07/24/24,184.3
07/25/24,183.1
07/26/24,184.4
07/29/24,184.7
07/30/24,186.6
07/31/24,190.6
08/01/24,182.5
08/02/24,175.4
08/05/24,172.3
08/06/24,172.1
08/07/24,176.1
08/08/24,177
08/09/24,176.6
08/12/24,177.1
08/13/24,178.8
08/14/24,181.3
08/15/24,182.3
08/16/24,183.1
08/19/24,183.7
08/20/24,183.3
08/21/24,183
08/22/24,183.6
08/23/24,185.1
08/26/24,184.4
08/27/24,182.8
08/28/24,184.4
08/29/24,187
08/30/24,186.1
09/02/24,185.4
09/03/24,183.1
09/04/24,180
09/05/24,176.1
09/06/24,172.6
09/09/24,176.3
09/10/24,176.4
09/11/24,175.8
09/12/24,178.7
09/13/24,179.9
09/16/24,178.6
09/17/24,181.1
09/18/24,179.8
09/19/24,185.2
09/20/24,182.6
09/23/24,184.7
09/24/24,186
09/25/24,189.6
09/26/24,196.3
09/27/24,198.1
09/30/24,196.4
10/01/24,194.7
10/02/24,197.7
10/03/24,196
10/04/24,195.6
10/07/24,195.3
10/08/24,193.9
10/09/24,194.6
10/10/24,192.2
10/11/24,194.2
10/14/24,195.9
10/15/24,186.1
10/16/24,184.6
10/17/24,184
10/18/24,183.6
10/21/24,181.4
